{
  "length": {
    "base": "m",
    "units": {
      "let_chaung": 0.00476,
      "let_hmat": 0.01905,
      "let_thit": 0.0381,
      "maik": 0.13335,
      "htwa": 0.2667,
      "taung": 1.0668,
      "lan": 2.1336,
      "taung_ya": 106.68,
      "mile": 853.44,
      "cm": 0.01,
      "m": 1,
      "km": 1000,
      "inch": 0.0254,
      "foot": 0.3048,
      "yard": 0.9144,
      "mile_imperial": 1609.34
    }
  },
  "area": {
    "base": "m2",
    "units": {
      "square_taung": 1.07,
      "eik_tha": 107,
      "peitha_area": 1070,
      "acre_traditional": 10700,
      "taya": 1070000,
      "m2": 1,
      "ha": 10000,
      "acre": 4046.86,
      "sq_ft": 0.092903
    }
  },
  "weight": {
    "base": "kg",
    "units": {
      "yway_lay": 0.0000654,
      "yway": 0.000523,
      "mu": 0.001046,
      "mat_ti": 0.002092,
      "kyattha": 0.01673,
      "awettha": 0.1673,
      "peittha": 1.673,
      "tin_weight": 66.92,
      "kwe": 1673,
      "viss": 1.633,
      "g": 0.001,
      "kg": 1,
      "tonne": 1000,
      "oz": 0.0283495,
      "lb": 0.453592,
      "ton_imperial": 1016.05
    }
  },
  "volume": {
    "base": "l",
    "units": {
      "la_myu": 0.136,
      "la_peittha": 0.544,
      "la_sale": 2.176,
      "si": 4.352,
      "pone": 8.704,
      "tin_volume": 870.4,
      "ngakhwet": 0.136,
      "ml": 0.001,
      "l": 1,
      "m3": 1000,
      "fl_oz": 0.0295735,
      "pint": 0.473176,
      "gallon": 3.78541
    }
  }
}
